Title,Author,Format-Year
"Learning Spanish-beginner I
Learning Spanish-beginner I, eBook",,
"Real-World Spanish: The Conversation Learning System
Real-World Spanish: The Conversation Learning System, eAudiobook",,
"A Beginner's Guide to Learning Spanish
A Beginner's Guide to Learning Spanish, eAudiobook",,
"100 Facts About Learning Spanish
100 Facts About Learning Spanish, eAudiobook",,
"100 Facts About Learning Spanish
100 Facts About Learning Spanish, eBook",,
"No Tears Spanish Grammar: Easy Learning: Essential Rules for Beginners
No Tears Spanish Grammar: Easy Learning: Essential Rules for Beginners, eBook",,
"The Ultimate Learning Spanish Blueprint - 10 Essential Steps
The Ultimate Learning Spanish Blueprint - 10 Essential Steps, eBook",,
"Learning Spanish for Adults Beginner
Learning Spanish for Adults Beginner, eBook",,
"Learning to Read in English and Spanish Made Easy
Learning to Read in English and Spanish Made Easy, eBook",,
"Spanish for Beginners: A Comprehensive Guide for Learning the Spanish Language Fast
Spanish for Beginners: A Comprehensive Guide for Learning the Spanish Language Fast, eBook",,
"Spanish: Beginner's Step by Step Course to Quickly Learning the Spanish Language, Spanish Grammar &
Spanish: Beginner's Step by Step Course to Quickly Learning the Spanish Language, Spanish Grammar &, eBook",,
"Learn Spanish Like a Native for Beginners - Level 2: Learning Spanish in Your Car Has Never Been Eas
Learn Spanish Like a Native for Beginners - Level 2: Learning Spanish in Your Car Has Never Been Eas, eBook",,
"Learn Spanish Like a Native for Beginners - Level 1: Learning Spanish in Your Car Has Never Been Eas
Learn Spanish Like a Native for Beginners - Level 1: Learning Spanish in Your Car Has Never Been Eas, eBook",,
"I'm Learning Spanish
I'm Learning Spanish, eAudiobook",,
"I am learning Spanish
I am learning Spanish, eAudiobook",,
"The Best Spanish Learning Games for Children
The Best Spanish Learning Games for Children, eBook",,
"Spanish Easy Learning Complete Course
Spanish Easy Learning Complete Course, eAudiobook",,
"Easy Learning Spanish Verbs
Easy Learning Spanish Verbs, eBook",,
"Easy Learning Spanish Vocabulary
Easy Learning Spanish Vocabulary, eBook",,
"Learning the Local Language: Your Guide to Real World Spanish
Learning the Local Language: Your Guide to Real World Spanish, eBook",,
